UIN,Team,Score
933000372,Adaptive Strategist,-8.703081905047975
12345,Nice guy,-12.290927643726407
11552244,Tit For Tat,-10.066454274136468
54321,Tough guy,-8.696553204195126
